Parity,Head,Tail,Close
ETHBTC,ETH,BTC,0.06726000
LTCBTC,LTC,BTC,0.00299600
BNBBTC,BNB,BTC,0.00928400
NEOBTC,NEO,BTC,0.00030190
QTUMETH,QTUM,ETH,0.00122100
EOSETH,EOS,ETH,0.00038750
SNTETH,SNT,ETH,0.00001165
BNTETH,BNT,ETH,0.00020310
GASBTC,GAS,BTC,0.00008740
BNBETH,BNB,ETH,0.13800000
BTCUSDT,BTC,USDT,25870.72000000
ETHUSDT,ETH,USDT,1740.00000000
WTCBTC,WTC,BTC,0.00000569
LRCBTC,LRC,BTC,0.00000832
LRCETH,LRC,ETH,0.00012350
QTUMBTC,QTUM,BTC,0.00008200
ZRXBTC,ZRX,BTC,0.00000677
ZRXETH,ZRX,ETH,0.00009970
KNCBTC,KNC,BTC,0.00001882
FUNETH,FUN,ETH,0.00000218
SNMBTC,SNM,BTC,0.00001119
NEOETH,NEO,ETH,0.00449000
IOTABTC,IOTA,BTC,0.00000603
IOTAETH,IOTA,ETH,0.00008960
LINKBTC,LINK,BTC,0.00020420
LINKETH,LINK,ETH,0.00303600
XVGETH,XVG,ETH,0.00000089
MTLBTC,MTL,BTC,0.00004371
MTLETH,MTL,ETH,0.00064860
EOSBTC,EOS,BTC,0.00002598
SNTBTC,SNT,BTC,0.00000078
ETCETH,ETC,ETH,0.00870000
ETCBTC,ETC,BTC,0.00058700
ZECBTC,ZEC,BTC,0.00098100
ZECETH,ZEC,ETH,0.01454000
BNTBTC,BNT,BTC,0.00001368
ASTBTC,AST,BTC,0.00000395
DASHBTC,DASH,BTC,0.00112900
DASHETH,DASH,ETH,0.01669000
OAXBTC,OAX,BTC,0.00000612
REQBTC,REQ,BTC,0.00000278
VIBBTC,VIB,BTC,0.00000176
TRXBTC,TRX,BTC,0.00000277
TRXETH,TRX,ETH,0.00004131
POWRBTC,POWR,BTC,0.00000492
POWRETH,POWR,ETH,0.00007300
XRPBTC,XRP,BTC,0.00002019
XRPETH,XRP,ETH,0.00030020
ENJBTC,ENJ,BTC,0.00000990
ENJETH,ENJ,ETH,0.00014670
STORJBTC,STORJ,BTC,0.00000892
BNBUSDT,BNB,USDT,240.20000000
KMDBTC,KMD,BTC,0.00000980
NULSBTC,NULS,BTC,0.00000753
XMRBTC,XMR,BTC,0.00535700
XMRETH,XMR,ETH,0.07973000
AMBBTC,AMB,BTC,0.00000031
BATBTC,BAT,BTC,0.00000654
BATETH,BAT,ETH,0.00009830
NEOUSDT,NEO,USDT,7.82000000
NEOBNB,NEO,BNB,0.03253000
LSKBTC,LSK,BTC,0.00002678
LSKETH,LSK,ETH,0.00039500
MANABTC,MANA,BTC,0.00001318
MANAETH,MANA,ETH,0.00019630
IOTABNB,IOTA,BNB,0.00065100
ADXBTC,ADX,BTC,0.00000508
ADXETH,ADX,ETH,0.00007560
ADABTC,ADA,BTC,0.00001062
ADAETH,ADA,ETH,0.00015790
XLMBTC,XLM,BTC,0.00000321
XLMETH,XLM,ETH,0.00004770
XLMBNB,XLM,BNB,0.00034610
LTCETH,LTC,ETH,0.04454000
LTCUSDT,LTC,USDT,77.50000000
LTCBNB,LTC,BNB,0.32260000
WAVESBTC,WAVES,BTC,0.00005370
WAVESETH,WAVES,ETH,0.00079900
ICXBTC,ICX,BTC,0.00000710
ELFBTC,ELF,BTC,0.00001048
ELFETH,ELF,ETH,0.00015530
RLCBTC,RLC,BTC,0.00004833
RLCETH,RLC,ETH,0.00071700
PIVXBTC,PIVX,BTC,0.00000762
IOSTBTC,IOST,BTC,0.00000029
IOSTETH,IOST,ETH,0.00000434
STEEMBTC,STEEM,BTC,0.00000605
STEEMETH,STEEM,ETH,0.00008990
BLZBTC,BLZ,BTC,0.00000206
ZILBTC,ZIL,BTC,0.00000067
ZILETH,ZIL,ETH,0.00001003
ZILBNB,ZIL,BNB,0.00007240
ONTBTC,ONT,BTC,0.00000639
QTUMUSDT,QTUM,USDT,2.12400000
WANBTC,WAN,BTC,0.00000675
WANETH,WAN,ETH,0.00010050
SYSBTC,SYS,BTC,0.00000460
ADAUSDT,ADA,USDT,0.27460000
ADABNB,ADA,BNB,0.00114300
LOOMBTC,LOOM,BTC,0.00000153
XRPUSDT,XRP,USDT,0.52250000
BTCTUSD,BTC,TUSD,25835.43000000
ETHTUSD,ETH,TUSD,1738.10000000
ZENBTC,ZEN,BTC,0.00024170
ZENETH,ZEN,ETH,0.00356800
EOSUSDT,EOS,USDT,0.67200000
EOSBNB,EOS,BNB,0.00279900
THETABTC,THETA,BTC,0.00002488
THETAETH,THETA,ETH,0.00036970
THETABNB,THETA,BNB,0.00267700
XRPBNB,XRP,BNB,0.00217300
TUSDUSDT,TUSD,USDT,1.00130000
IOTAUSDT,IOTA,USDT,0.15630000
XLMUSDT,XLM,USDT,0.08330000
IOTXBTC,IOTX,BTC,0.00000068
IOTXETH,IOTX,ETH,0.00001018
QKCBTC,QKC,BTC,0.00000028
QKCETH,QKC,ETH,0.00000415
DATABTC,DATA,BTC,0.00000085
ONTUSDT,ONT,USDT,0.16520000
TRXBNB,TRX,BNB,0.00029910
TRXUSDT,TRX,USDT,0.07189000
ETCUSDT,ETC,USDT,15.20000000
ETCBNB,ETC,BNB,0.06330000
ICXUSDT,ICX,USDT,0.18420000
SCETH,SC,ETH,0.00000154
DENTETH,DENT,ETH,0.00000037
ARDRBTC,ARDR,BTC,0.00000236
NULSUSDT,NULS,USDT,0.19560000
HOTETH,HOT,ETH,0.00000073
VETBTC,VET,BTC,0.00000062
VETETH,VET,ETH,0.00000922
VETUSDT,VET,USDT,0.01604000
VETBNB,VET,BNB,0.00006680
DOCKBTC,DOCK,BTC,0.00000055
RVNBTC,RVN,BTC,0.00000063
DCRBTC,DCR,BTC,0.00047700
RENBTC,REN,BTC,0.00000217
BNBTUSD,BNB,TUSD,239.90000000
XRPTUSD,XRP,TUSD,0.52180000
BNBUSDC,BNB,USDC,240.40000000
BTCUSDC,BTC,USDC,25866.62000000
ETHUSDC,ETH,USDC,1739.94000000
USDCUSDT,USDC,USDT,1.00020000
ADATUSD,ADA,TUSD,0.27580000
TRXXRP,TRX,XRP,0.13770000
LINKUSDT,LINK,USDT,5.28000000
WAVESUSDT,WAVES,USDT,1.38900000
LTCTUSD,LTC,TUSD,77.59000000
ONGBTC,ONG,BTC,0.00000781
ONGUSDT,ONG,USDT,0.20260000
HOTUSDT,HOT,USDT,0.00127100
ZILUSDT,ZIL,USDT,0.01745000
ZRXUSDT,ZRX,USDT,0.17490000
FETBNB,FET,BNB,0.00078300
FETBTC,FET,BTC,0.00000726
FETUSDT,FET,USDT,0.18790000
BATUSDT,BAT,USDT,0.16930000
XMRBNB,XMR,BNB,0.57780000
XMRUSDT,XMR,USDT,138.70000000
ZECBNB,ZEC,BNB,0.10520000
ZECUSDT,ZEC,USDT,25.40000000
IOSTUSDT,IOST,USDT,0.00754000
CELRBNB,CELR,BNB,0.00006305
CELRBTC,CELR,BTC,0.00000059
CELRUSDT,CELR,USDT,0.01518000
DASHBNB,DASH,BNB,0.12160000
DASHUSDT,DASH,USDT,29.23000000
OMGUSDT,OMG,USDT,0.55200000
THETAUSDT,THETA,USDT,0.64400000
ENJUSDT,ENJ,USDT,0.25610000
MATICBNB,MATIC,BNB,0.00268000
MATICBTC,MATIC,BTC,0.00002488
MATICUSDT,MATIC,USDT,0.64360000
ATOMBNB,ATOM,BNB,0.03603000
ATOMBTC,ATOM,BTC,0.00033460
ATOMUSDT,ATOM,USDT,8.65200000
PHBBTC,PHB,BTC,0.00002339
TFUELBTC,TFUEL,BTC,0.00000124
TFUELUSDT,TFUEL,USDT,0.03230000
ONEBNB,ONE,BNB,0.00004500
ONEBTC,ONE,BTC,0.00000041
ONEUSDT,ONE,USDT,0.01078000
FTMBNB,FTM,BNB,0.00108780
FTMBTC,FTM,BTC,0.00001010
FTMUSDT,FTM,USDT,0.26130000
ALGOBNB,ALGO,BNB,0.00047100
ALGOBTC,ALGO,BTC,0.00000437
ALGOUSDT,ALGO,USDT,0.11310000
DOGEBTC,DOGE,BTC,0.00000238
DOGEUSDT,DOGE,USDT,0.06170000
DUSKBTC,DUSK,BTC,0.00000409
DUSKUSDT,DUSK,USDT,0.10590000
ANKRBNB,ANKR,BNB,0.00008330
ANKRBTC,ANKR,BTC,0.00000077
ANKRUSDT,ANKR,USDT,0.02007000
WINBNB,WIN,BNB,0.00000027
WINUSDT,WIN,USDT,0.00006320
COSBNB,COS,BNB,0.00002092
COSBTC,COS,BTC,0.00000019
COSUSDT,COS,USDT,0.00503000
MTLUSDT,MTL,USDT,1.12800000
TOMOBTC,TOMO,BTC,0.00005751
TOMOUSDT,TOMO,USDT,1.48410000
PERLUSDT,PERL,USDT,0.01638000
DENTUSDT,DENT,USDT,0.00065800
KEYUSDT,KEY,USDT,0.00606100
DOCKUSDT,DOCK,USDT,0.01425000
WANUSDT,WAN,USDT,0.17520000
FUNUSDT,FUN,USDT,0.00379200
CVCUSDT,CVC,USDT,0.07170000
WINTRX,WIN,TRX,0.00087700
CHZBNB,CHZ,BNB,0.00028410
CHZBTC,CHZ,BTC,0.00000264
CHZUSDT,CHZ,USDT,0.06820000
BANDBTC,BAND,BTC,0.00003930
BANDUSDT,BAND,USDT,1.01700000
BNBBUSD,BNB,BUSD,240.20000000
BTCBUSD,BTC,BUSD,25875.45000000
BUSDUSDT,BUSD,USDT,0.99980000
XTZBTC,XTZ,BTC,0.00002794
XTZUSDT,XTZ,USDT,0.72200000
RENUSDT,REN,USDT,0.05611100
RVNUSDT,RVN,USDT,0.01647000
HBARBNB,HBAR,BNB,0.00019290
HBARBTC,HBAR,BTC,0.00000180
HBARUSDT,HBAR,USDT,0.04640000
NKNBTC,NKN,BTC,0.00000374
NKNUSDT,NKN,USDT,0.09680000
XRPBUSD,XRP,BUSD,0.52250000
ETHBUSD,ETH,BUSD,1740.22000000
LTCBUSD,LTC,BUSD,77.50000000
LINKBUSD,LINK,BUSD,5.28200000
ETCBUSD,ETC,BUSD,15.22000000
STXBNB,STX,BNB,0.00214000
STXBTC,STX,BTC,0.00001982
STXUSDT,STX,USDT,0.51350000
KAVABNB,KAVA,BNB,0.00334300
KAVABTC,KAVA,BTC,0.00003119
KAVAUSDT,KAVA,USDT,0.80600000
BTCNGN,BTC,NGN,19598454.00000000
ARPABNB,ARPA,BNB,0.00020600
ARPABTC,ARPA,BTC,0.00000191
ARPAUSDT,ARPA,USDT,0.04928000
TRXBUSD,TRX,BUSD,0.07191000
EOSBUSD,EOS,BUSD,0.67300000
IOTXUSDT,IOTX,USDT,0.01771000
RLCUSDT,RLC,USDT,1.25100000
XLMBUSD,XLM,BUSD,0.08330000
ADABUSD,ADA,BUSD,0.27450000
CTXCBTC,CTXC,BTC,0.00000581
CTXCUSDT,CTXC,USDT,0.15080000
BCHBNB,BCH,BNB,0.44000000
BCHBTC,BCH,BTC,0.00410000
BCHUSDT,BCH,USDT,106.00000000
BCHBUSD,BCH,BUSD,106.00000000
BTCRUB,BTC,RUB,2191807.00000000
ETHRUB,ETH,RUB,147496.00000000
XRPRUB,XRP,RUB,44.25000000
BNBRUB,BNB,RUB,20344.40000000
TROYUSDT,TROY,USDT,0.00193900
BUSDRUB,BUSD,RUB,84.66000000
QTUMBUSD,QTUM,BUSD,2.12900000
VETBUSD,VET,BUSD,0.01604000
VITEBTC,VITE,BTC,0.00000052
VITEUSDT,VITE,USDT,0.01358000
BTCTRY,BTC,TRY,618702.00000000
BNBTRY,BNB,TRY,5745.00000000
BUSDTRY,BUSD,TRY,23.89000000
ETHTRY,ETH,TRY,41612.00000000
XRPTRY,XRP,TRY,12.49500000
USDTTRY,USDT,TRY,23.92000000
USDTRUB,USDT,RUB,84.66000000
BTCEUR,BTC,EUR,24090.53000000
ETHEUR,ETH,EUR,1620.21000000
BNBEUR,BNB,EUR,223.70000000
XRPEUR,XRP,EUR,0.48650000
EURBUSD,EUR,BUSD,1.07370000
EURUSDT,EUR,USDT,1.07380000
OGNBTC,OGN,BTC,0.00000281
OGNUSDT,OGN,USDT,0.07270000
DREPBTC,DREP,BTC,0.00001202
DREPUSDT,DREP,USDT,0.31160000
WRXUSDT,WRX,USDT,0.08250000
ICXBUSD,ICX,BUSD,0.18440000
BTSUSDT,BTS,USDT,0.00818000
LSKUSDT,LSK,USDT,0.69400000
BNTUSDT,BNT,USDT,0.35420000
BNTBUSD,BNT,BUSD,0.35460000
LTOBTC,LTO,BTC,0.00000237
LTOUSDT,LTO,USDT,0.06140000
ATOMBUSD,ATOM,BUSD,8.65500000
DASHBUSD,DASH,BUSD,29.10000000
NEOBUSD,NEO,BUSD,7.82000000
WAVESBUSD,WAVES,BUSD,1.39000000
XTZBUSD,XTZ,BUSD,0.72300000
BATBUSD,BAT,BUSD,0.16970000
ENJBUSD,ENJ,BUSD,0.25630000
ONTBUSD,ONT,BUSD,0.16520000
RVNBUSD,RVN,BUSD,0.01645000
MBLUSDT,MBL,USDT,0.00240900
COTIBNB,COTI,BNB,0.00019200
COTIBTC,COTI,BTC,0.00000178
COTIUSDT,COTI,USDT,0.04620000
ALGOBUSD,ALGO,BUSD,0.11330000
TOMOBUSD,TOMO,BUSD,1.48350000
XMRBUSD,XMR,BUSD,138.80000000
ZECBUSD,ZEC,BUSD,25.30000000
STPTBTC,STPT,BTC,0.00000136
STPTUSDT,STPT,USDT,0.03516000
BTCZAR,BTC,ZAR,493828.00000000
ETHZAR,ETH,ZAR,33247.00000000
USDTZAR,USDT,ZAR,19.09000000
BUSDZAR,BUSD,ZAR,19.08000000
WTCUSDT,WTC,USDT,0.14720000
DATABUSD,DATA,BUSD,0.02211000
DATAUSDT,DATA,USDT,0.02211000
SOLBNB,SOL,BNB,0.06240000
SOLBTC,SOL,BTC,0.00057930
SOLUSDT,SOL,USDT,14.99000000
SOLBUSD,SOL,BUSD,14.99000000
USDTIDRT,USDT,IDRT,14870.00
CTSIBTC,CTSI,BTC,0.00000483
CTSIUSDT,CTSI,USDT,0.12490000
CTSIBNB,CTSI,BNB,0.00052100
CTSIBUSD,CTSI,BUSD,0.12510000
HIVEBTC,HIVE,BTC,0.00001135
HIVEUSDT,HIVE,USDT,0.29450000
CHRBNB,CHR,BNB,0.00049600
CHRBTC,CHR,BTC,0.00000460
CHRUSDT,CHR,USDT,0.11920000
BTCUPUSDT,BTCUP,USDT,4.92300000
BTCDOWNUSDT,BTCDOWN,USDT,0.00944300
ARDRUSDT,ARDR,USDT,0.06110000
HBARBUSD,HBAR,BUSD,0.04630000
MATICBUSD,MATIC,BUSD,0.64370000
WRXBUSD,WRX,BUSD,0.08240000
ZILBUSD,ZIL,BUSD,0.01745000
MDTBTC,MDT,BTC,0.00000148
MDTUSDT,MDT,USDT,0.03821000
STMXUSDT,STMX,USDT,0.00347300
KNCBUSD,KNC,BUSD,0.48700000
KNCUSDT,KNC,USDT,0.48700000
LRCBUSD,LRC,BUSD,0.21520000
LRCUSDT,LRC,USDT,0.21520000
IQBUSD,IQ,BUSD,0.00433000
PNTUSDT,PNT,USDT,0.09690000
BTCGBP,BTC,GBP,20615.46000000
ETHGBP,ETH,GBP,1386.93000000
XRPGBP,XRP,GBP,0.41630000
BNBGBP,BNB,GBP,191.30000000
GBPBUSD,GBP,BUSD,1.25500000
DGBBTC,DGB,BTC,0.00000025
DGBBUSD,DGB,BUSD,0.00652000
BTCUAH,BTC,UAH,985587.00000000
USDTUAH,USDT,UAH,38.10000000
COMPBTC,COMP,BTC,0.00105300
COMPBUSD,COMP,BUSD,27.23000000
COMPUSDT,COMP,USDT,27.24000000
BTCBIDR,BTC,BIDR,384798524.00
ETHBIDR,ETH,BIDR,25894304.00
BNBBIDR,BNB,BIDR,3571255.00
BUSDBIDR,BUSD,BIDR,14861.00
USDTBIDR,USDT,BIDR,14866.00
SCUSDT,SC,USDT,0.00269000
ZENUSDT,ZEN,USDT,6.27000000
SXPBTC,SXP,BTC,0.00001255
SXPBNB,SXP,BNB,0.00135200
SXPBUSD,SXP,BUSD,0.32490000
SNXBTC,SNX,BTC,0.00007030
SNXBNB,SNX,BNB,0.00758000
SNXBUSD,SNX,BUSD,1.82400000
SNXUSDT,SNX,USDT,1.82100000
ETHUPUSDT,ETHUP,USDT,4.62500000
ETHDOWNUSDT,ETHDOWN,USDT,0.26850000
ADAUPUSDT,ADAUP,USDT,0.10700000
ADADOWNUSDT,ADADOWN,USDT,0.00230400
VTHOUSDT,VTHO,USDT,0.00097000
DGBUSDT,DGB,USDT,0.00652000
GBPUSDT,GBP,USDT,1.25500000
STORJBUSD,STORJ,BUSD,0.23180000
SXPUSDT,SXP,USDT,0.32480000
IRISBTC,IRIS,BTC,0.00000080
MKRBTC,MKR,BTC,0.02457000
MKRUSDT,MKR,USDT,636.00000000
MKRBUSD,MKR,BUSD,636.00000000
RUNEBNB,RUNE,BNB,0.00354000
RUNEBTC,RUNE,BTC,0.00003280
RUNEBUSD,RUNE,BUSD,0.85100000
MANABUSD,MANA,BUSD,0.34120000
DOGEBUSD,DOGE,BUSD,0.06171000
ZRXBUSD,ZRX,BUSD,0.17500000
DCRUSDT,DCR,USDT,12.38000000
STORJUSDT,STORJ,USDT,0.23090000
FIOBTC,FIO,BTC,0.00000073
FIOBUSD,FIO,BUSD,0.01910000
BNBUPUSDT,BNBUP,USDT,27.39000000
BNBDOWNUSDT,BNBDOWN,USDT,0.01640000
AVABTC,AVA,BTC,0.00001626
AVABUSD,AVA,BUSD,0.42100000
IOTABUSD,IOTA,BUSD,0.15630000
MANAUSDT,MANA,USDT,0.34100000
BALBTC,BAL,BTC,0.00017070
BALBUSD,BAL,BUSD,4.42000000
YFIBTC,YFI,BTC,0.21680000
YFIBUSD,YFI,BUSD,5611.00000000
YFIUSDT,YFI,USDT,5595.00000000
BLZBUSD,BLZ,BUSD,0.05350000
BALUSDT,BAL,USDT,4.42200000
BLZUSDT,BLZ,USDT,0.05350000
IRISUSDT,IRIS,USDT,0.02096000
KMDUSDT,KMD,USDT,0.25310000
BTCDAI,BTC,DAI,25858.27000000
ETHDAI,ETH,DAI,1741.07000000
BNBDAI,BNB,DAI,240.70000000
USDTDAI,USDT,DAI,0.99980000
BUSDDAI,BUSD,DAI,0.99990000
JSTBTC,JST,BTC,0.00000079
JSTBUSD,JST,BUSD,0.02030000
JSTUSDT,JST,USDT,0.02027000
SRMBUSD,SRM,BUSD,0.05292000
ANTBNB,ANT,BNB,0.01232000
ANTBTC,ANT,BTC,0.00011464
ANTBUSD,ANT,BUSD,2.96600000
ANTUSDT,ANT,USDT,2.96400000
CRVBTC,CRV,BTC,0.00002513
CRVBUSD,CRV,BUSD,0.65100000
CRVUSDT,CRV,USDT,0.65000000
SANDBNB,SAND,BNB,0.00160500
SANDBTC,SAND,BTC,0.00001491
SANDUSDT,SAND,USDT,0.38550000
SANDBUSD,SAND,BUSD,0.38570000
OCEANBNB,OCEAN,BNB,0.00123900
OCEANBTC,OCEAN,BTC,0.00001154
OCEANBUSD,OCEAN,BUSD,0.29870000
OCEANUSDT,OCEAN,USDT,0.29910000
NMRBTC,NMR,BTC,0.00046600
NMRBUSD,NMR,BUSD,12.10000000
NMRUSDT,NMR,USDT,12.10000000
DOTBNB,DOT,BNB,0.01926000
DOTBTC,DOT,BTC,0.00017880
DOTBUSD,DOT,BUSD,4.62800000
DOTUSDT,DOT,USDT,4.62800000
LUNABUSD,LUNA,BUSD,0.60860000
LUNAUSDT,LUNA,USDT,0.60840000
IDEXBTC,IDEX,BTC,0.00000224
IDEXBUSD,IDEX,BUSD,0.05809000
RSRBNB,RSR,BNB,0.00000812
RSRBUSD,RSR,BUSD,0.00195400
RSRUSDT,RSR,USDT,0.00195600
PAXGBNB,PAXG,BNB,7.95000000
PAXGBTC,PAXG,BTC,0.07405000
PAXGBUSD,PAXG,BUSD,1917.00000000
PAXGUSDT,PAXG,USDT,1917.00000000
WNXMUSDT,WNXM,USDT,27.16000000
TRBBTC,TRB,BTC,0.00036000
TRBBUSD,TRB,BUSD,9.38000000
TRBUSDT,TRB,USDT,9.35000000
WBTCBTC,WBTC,BTC,1.00000000
WBTCETH,WBTC,ETH,14.87000000
SUSHIBNB,SUSHI,BNB,0.00239200
SUSHIBTC,SUSHI,BTC,0.00002219
SUSHIBUSD,SUSHI,BUSD,0.57400000
SUSHIUSDT,SUSHI,USDT,0.57500000
YFIIUSDT,YFII,USDT,656.50000000
KSMBTC,KSM,BTC,0.00085900
KSMBUSD,KSM,BUSD,22.23000000
KSMUSDT,KSM,USDT,22.21000000
EGLDBNB,EGLD,BNB,0.12690000
EGLDBTC,EGLD,BTC,0.00117900
EGLDBUSD,EGLD,BUSD,30.51000000
EGLDUSDT,EGLD,USDT,30.48000000
DIABTC,DIA,BTC,0.00000881
DIABUSD,DIA,BUSD,0.22810000
DIAUSDT,DIA,USDT,0.22800000
RUNEUSDT,RUNE,USDT,0.85000000
FIOUSDT,FIO,USDT,0.01917000
UMABTC,UMA,BTC,0.00005910
UMAUSDT,UMA,USDT,1.53000000
LINKTRY,LINK,TRY,126.30000000
USDTNGN,USDT,NGN,760.40000000
BELBNB,BEL,BNB,0.00237100
BELBTC,BEL,BTC,0.00002188
BELBUSD,BEL,BUSD,0.56760000
BELUSDT,BEL,USDT,0.56690000
WINGBTC,WING,BTC,0.00016820
WINGBUSD,WING,BUSD,4.36000000
WINGUSDT,WING,USDT,4.36000000
CREAMBUSD,CREAM,BUSD,21.46000000
UNIBNB,UNI,BNB,0.01785000
UNIBTC,UNI,BTC,0.00016570
UNIBUSD,UNI,BUSD,4.29200000
UNIUSDT,UNI,USDT,4.28900000
OXTBTC,OXT,BTC,0.00000198
OXTUSDT,OXT,USDT,0.05150000
SUNUSDT,SUN,USDT,0.00543000
AVAXBNB,AVAX,BNB,0.04880000
AVAXBTC,AVAX,BTC,0.00045380
AVAXBUSD,AVAX,BUSD,11.74000000
AVAXUSDT,AVAX,USDT,11.74000000
BAKEBNB,BAKE,BNB,0.00040700
FLMBTC,FLM,BTC,0.00000228
FLMUSDT,FLM,USDT,0.05900000
SCRTBTC,SCRT,BTC,0.00001153
SCRTETH,SCRT,ETH,0.00017150
CAKEBNB,CAKE,BNB,0.00576000
CAKEBUSD,CAKE,BUSD,1.38600000
ORNBTC,ORN,BTC,0.00002631
ORNUSDT,ORN,USDT,0.68230000
SXPTRY,SXP,TRY,7.75900000
UTKBTC,UTK,BTC,0.00000270
UTKUSDT,UTK,USDT,0.06940000
XVSBNB,XVS,BNB,0.01449000
XVSBTC,XVS,BTC,0.00013480
XVSBUSD,XVS,BUSD,3.48000000
XVSUSDT,XVS,USDT,3.50000000
ALPHABTC,ALPHA,BTC,0.00000425
ALPHABUSD,ALPHA,BUSD,0.11000000
ALPHAUSDT,ALPHA,USDT,0.10990000
VIDTBTC,VIDT,BTC,0.00000081
VIDTBUSD,VIDT,BUSD,0.02120000
AAVEBNB,AAVE,BNB,0.22780000
BTCBRL,BTC,BRL,126567.00000000
USDTBRL,USDT,BRL,4.89300000
AAVEBTC,AAVE,BTC,0.00211700
AAVEETH,AAVE,ETH,0.03150000
AAVEBUSD,AAVE,BUSD,54.80000000
AAVEUSDT,AAVE,USDT,54.80000000
NEARBNB,NEAR,BNB,0.00498900
NEARBTC,NEAR,BTC,0.00004639
NEARBUSD,NEAR,BUSD,1.20100000
NEARUSDT,NEAR,USDT,1.20100000
FILBNB,FIL,BNB,0.01536000
FILBTC,FIL,BTC,0.00014270
FILBUSD,FIL,BUSD,3.69000000
FILUSDT,FIL,USDT,3.68900000
INJBNB,INJ,BNB,0.02510000
INJBTC,INJ,BTC,0.00023340
INJBUSD,INJ,BUSD,6.02500000
INJUSDT,INJ,USDT,6.02700000
AERGOBTC,AERGO,BTC,0.00000363
AERGOBUSD,AERGO,BUSD,0.09440000
LINKEUR,LINK,EUR,4.92400000
ONEBUSD,ONE,BUSD,0.01079000
AUDIOBTC,AUDIO,BTC,0.00000665
AUDIOBUSD,AUDIO,BUSD,0.17220000
AUDIOUSDT,AUDIO,USDT,0.17220000
CTKBNB,CTK,BNB,0.00247800
CTKBTC,CTK,BTC,0.00002296
CTKBUSD,CTK,BUSD,0.59500000
CTKUSDT,CTK,USDT,0.59500000
ETHBRL,ETH,BRL,8513.85000000
DOTEUR,DOT,EUR,4.31100000
AKROUSDT,AKRO,USDT,0.00496000
KP3RBUSD,KP3R,BUSD,52.65000000
AXSBNB,AXS,BNB,0.02032000
AXSBTC,AXS,BTC,0.00018860
AXSBUSD,AXS,BUSD,4.88000000
AXSUSDT,AXS,USDT,4.89000000
HARDBNB,HARD,BNB,0.00050400
HARDBTC,HARD,BTC,0.00000468
HARDBUSD,HARD,BUSD,0.12010000
HARDUSDT,HARD,USDT,0.12090000
BNBBRL,BNB,BRL,1175.00000000
LTCEUR,LTC,EUR,72.19000000
SLPETH,SLP,ETH,0.00000089
ADAEUR,ADA,EUR,0.25580000
CVPBUSD,CVP,BUSD,0.31310000
STRAXBTC,STRAX,BTC,0.00001525
STRAXBUSD,STRAX,BUSD,0.39600000
STRAXUSDT,STRAX,USDT,0.39500000
FORBTC,FOR,BTC,0.00000068
FORBUSD,FOR,BUSD,0.01760000
UNFIBTC,UNFI,BTC,0.00012940
UNFIBUSD,UNFI,BUSD,3.33600000
UNFIUSDT,UNFI,USDT,3.35000000
FRONTBUSD,FRONT,BUSD,0.13590000
ROSEBTC,ROSE,BTC,0.00000173
ROSEBUSD,ROSE,BUSD,0.04485000
ROSEUSDT,ROSE,USDT,0.04476000
AVAXTRY,AVAX,TRY,280.70000000
BUSDBRL,BUSD,BRL,4.89000000
AVAUSDT,AVA,USDT,0.42100000
SYSBUSD,SYS,BUSD,0.11960000
XEMUSDT,XEM,USDT,0.02670000
PROMBUSD,PROM,BUSD,3.78000000
XRPBRL,XRP,BRL,2.55700000
SKLBTC,SKL,BTC,0.00000097
SKLBUSD,SKL,BUSD,0.02498000
SKLUSDT,SKL,USDT,0.02498000
BCHEUR,BCH,EUR,98.60000000
YFIEUR,YFI,EUR,5227.00000000
ZILBIDR,ZIL,BIDR,259.00
GLMBTC,GLM,BTC,0.00000655
GHSTBUSD,GHST,BUSD,0.88600000
LINKBRL,LINK,BRL,25.86000000
LTCRUB,LTC,RUB,6560.90000000
TRXTRY,TRX,TRY,1.71910000
XLMEUR,XLM,EUR,0.07750000
DFBUSD,DF,BUSD,0.03630000
GRTBTC,GRT,BTC,0.00000381
GRTETH,GRT,ETH,0.00005680
GRTUSDT,GRT,USDT,0.09840000
JUVBUSD,JUV,BUSD,2.15000000
JUVUSDT,JUV,USDT,2.12900000
PSGBTC,PSG,BTC,0.00012590
PSGBUSD,PSG,BUSD,3.31000000
PSGUSDT,PSG,USDT,3.32000000
1INCHBTC,1INCH,BTC,0.00001036
1INCHUSDT,1INCH,USDT,0.26800000
REEFUSDT,REEF,USDT,0.00154400
OGBTC,OG,BTC,0.00017880
OGUSDT,OG,USDT,4.62300000
ATMUSDT,ATM,USDT,2.51400000
ASRUSDT,ASR,USDT,2.50000000
CELOBTC,CELO,BTC,0.00001583
CELOUSDT,CELO,USDT,0.41000000
RIFBTC,RIF,BTC,0.00000342
RIFUSDT,RIF,USDT,0.08820000
CHZTRY,CHZ,TRY,1.63100000
XLMTRY,XLM,TRY,1.98900000
LINKGBP,LINK,GBP,4.18900000
GRTEUR,GRT,EUR,0.09190000
TRUBTC,TRU,BTC,0.00000127
TRUUSDT,TRU,USDT,0.03330000
DEXEETH,DEXE,ETH,0.00110300
DEXEBUSD,DEXE,BUSD,1.92400000
EOSEUR,EOS,EUR,0.62700000
LTCBRL,LTC,BRL,379.90000000
TUSDBUSD,TUSD,BUSD,1.00120000
CKBBUSD,CKB,BUSD,0.00277000
CKBUSDT,CKB,USDT,0.00276000
TWTBTC,TWT,BTC,0.00002856
TWTBUSD,TWT,BUSD,0.73820000
TWTUSDT,TWT,USDT,0.73830000
FIROBTC,FIRO,BTC,0.00005180
FIROUSDT,FIRO,USDT,1.33900000
BETHETH,BETH,ETH,0.99880000
DOGEEUR,DOGE,EUR,0.05752000
DOGETRY,DOGE,TRY,1.47500000
DOGEBRL,DOGE,BRL,0.30170000
LITBTC,LIT,BTC,0.00002402
LITBUSD,LIT,BUSD,0.62300000
LITUSDT,LIT,USDT,0.62200000
BUSDVAI,BUSD,VAI,1.03100000
SFPBTC,SFP,BTC,0.00001381
SFPBUSD,SFP,BUSD,0.35790000
SFPUSDT,SFP,USDT,0.35890000
DOGEGBP,DOGE,GBP,0.04908000
DOTTRY,DOT,TRY,110.60000000
FXSBTC,FXS,BTC,0.00019287
FXSBUSD,FXS,BUSD,5.00700000
DODOBTC,DODO,BTC,0.00000355
DODOBUSD,DODO,BUSD,0.09170000
DODOUSDT,DODO,USDT,0.09180000
FRONTBTC,FRONT,BTC,0.00000523
CAKEBTC,CAKE,BTC,0.00005340
CAKEUSDT,CAKE,USDT,1.38300000
BAKEBUSD,BAKE,BUSD,0.09790000
UFTETH,UFT,ETH,0.00013550
UFTBUSD,UFT,BUSD,0.23670000
1INCHBUSD,1INCH,BUSD,0.26900000
BANDBUSD,BAND,BUSD,1.01800000
GRTBUSD,GRT,BUSD,0.09850000
IOSTBUSD,IOST,BUSD,0.00755000
OMGBUSD,OMG,BUSD,0.55100000
REEFBUSD,REEF,BUSD,0.00154400
ACMBUSD,ACM,BUSD,1.88200000
ACMUSDT,ACM,USDT,1.88300000
AUCTIONBTC,AUCTION,BTC,0.00014650
AUCTIONBUSD,AUCTION,BUSD,3.81000000
PHABTC,PHA,BTC,0.00000372
PHABUSD,PHA,BUSD,0.09650000
DOTGBP,DOT,GBP,3.67000000
ADATRY,ADA,TRY,6.57000000
ADABRL,ADA,BRL,1.34400000
ADAGBP,ADA,GBP,0.21890000
TVKBTC,TVK,BTC,0.00000099
TVKBUSD,TVK,BUSD,0.02560000
BADGERBTC,BADGER,BTC,0.00007810
BADGERBUSD,BADGER,BUSD,2.02700000
BADGERUSDT,BADGER,USDT,2.02400000
FISBTC,FIS,BTC,0.00001085
FISBUSD,FIS,BUSD,0.28260000
FISUSDT,FIS,USDT,0.28200000
DOTBRL,DOT,BRL,22.62000000
HOTTRY,HOT,TRY,0.03041000
EGLDEUR,EGLD,EUR,28.40000000
OMBTC,OM,BTC,0.00000085
OMBUSD,OM,BUSD,0.02184000
OMUSDT,OM,USDT,0.02183000
PONDBTC,POND,BTC,0.00000026
PONDBUSD,POND,BUSD,0.00694000
PONDUSDT,POND,USDT,0.00694000
DEGOBTC,DEGO,BTC,0.00005398
DEGOBUSD,DEGO,BUSD,1.39600000
DEGOUSDT,DEGO,USDT,1.39800000
AVAXEUR,AVAX,EUR,10.94000000
CHZBRL,CHZ,BRL,0.33300000
ALICEBTC,ALICE,BTC,0.00003490
ALICEBUSD,ALICE,BUSD,0.90500000
ALICEUSDT,ALICE,USDT,0.90400000
CHZBUSD,CHZ,BUSD,0.06830000
CHZEUR,CHZ,EUR,0.06320000
CHZGBP,CHZ,GBP,0.05350000
BIFIBUSD,BIFI,BUSD,353.50000000
LINABTC,LINA,BTC,0.00000055
LINABUSD,LINA,BUSD,0.01422200
LINAUSDT,LINA,USDT,0.01421500
ADARUB,ADA,RUB,23.29000000
ENJBRL,ENJ,BRL,1.25200000
ENJEUR,ENJ,EUR,0.23880000
MATICEUR,MATIC,EUR,0.60000000
NEOTRY,NEO,TRY,187.00000000
PERPBTC,PERP,BTC,0.00001593
PERPBUSD,PERP,BUSD,0.41505000
PERPUSDT,PERP,USDT,0.41465000
SUPERBTC,SUPER,BTC,0.00000422
SUPERBUSD,SUPER,BUSD,0.10900000
SUPERUSDT,SUPER,USDT,0.10920000
CFXBTC,CFX,BTC,0.00000715
CFXBUSD,CFX,BUSD,0.18480000
CFXUSDT,CFX,USDT,0.18470000
EOSTRY,EOS,TRY,16.06000000
LTCGBP,LTC,GBP,61.73000000
RVNTRY,RVN,TRY,0.39370000
THETAEUR,THETA,EUR,0.60000000
XVGBUSD,XVG,BUSD,0.00155200
TKOBTC,TKO,BTC,0.00000890
TKOBIDR,TKO,BIDR,3392.64
TKOBUSD,TKO,BUSD,0.22850000
TKOUSDT,TKO,USDT,0.22850000
PUNDIXETH,PUNDIX,ETH,0.00018720
PUNDIXUSDT,PUNDIX,USDT,0.32700000
WINEUR,WIN,EUR,0.00005890
TLMBTC,TLM,BTC,0.00000039
TLMBUSD,TLM,BUSD,0.01027000
TLMUSDT,TLM,USDT,0.01026000
HOTBUSD,HOT,BUSD,0.00126800
BNBUAH,BNB,UAH,9156.00000000
ONTTRY,ONT,TRY,3.94800000
VETEUR,VET,EUR,0.01495000
VETGBP,VET,GBP,0.01278000
WINBRL,WIN,BRL,0.00031000
BARBUSD,BAR,BUSD,2.34000000
BARUSDT,BAR,USDT,2.34000000
FORTHBTC,FORTH,BTC,0.00008490
FORTHBUSD,FORTH,BUSD,2.20200000
FORTHUSDT,FORTH,USDT,2.21500000
BAKEUSDT,BAKE,USDT,0.09790000
BURGERBUSD,BURGER,BUSD,0.36460000
BURGERUSDT,BURGER,USDT,0.36320000
SLPBUSD,SLP,BUSD,0.00156000
SLPUSDT,SLP,USDT,0.00156000
TRXEUR,TRX,EUR,0.06696000
VETTRY,VET,TRY,0.38430000
SHIBUSDT,SHIB,USDT,0.00000677
SHIBBUSD,SHIB,BUSD,0.00000678
ICPBTC,ICP,BTC,0.00015180
ICPBNB,ICP,BNB,0.01634000
ICPBUSD,ICP,BUSD,3.92800000
ICPUSDT,ICP,USDT,3.92400000
SHIBEUR,SHIB,EUR,0.00000630
ETCEUR,ETC,EUR,14.15000000
DOGEBIDR,DOGE,BIDR,915.00
ARBTC,ARB,TC,0.00020020
ARBUSD,ARB,USD,5.17000000
ARUSDT,AR,USDT,5.17000000
POLSBTC,POLS,BTC,0.00001057
POLSBNB,POLS,BNB,0.00114500
POLSBUSD,POLS,BUSD,0.27500000
POLSUSDT,POLS,USDT,0.27500000
MDXBTC,MDX,BTC,0.00000219
MDXBUSD,MDX,BUSD,0.05680000
MDXUSDT,MDX,USDT,0.05690000
MASKBNB,MASK,BNB,0.01497000
MASKBUSD,MASK,BUSD,3.60200000
MASKUSDT,MASK,USDT,3.59800000
LPTBTC,LPT,BTC,0.00014860
LPTBNB,LPT,BNB,0.01598000
LPTBUSD,LPT,BUSD,3.85000000
LPTUSDT,LPT,USDT,3.86000000
ETHUAH,ETH,UAH,66430.00000000
MATICBRL,MATIC,BRL,3.15000000
SOLEUR,SOL,EUR,13.97000000
SHIBBRL,SHIB,BRL,0.00003317
AGIXBTC,AGIX,BTC,0.00000791
ICPEUR,ICP,EUR,3.65400000
MATICGBP,MATIC,GBP,0.51420000
SHIBTRY,SHIB,TRY,0.00016186
MATICBIDR,MATIC,BIDR,9566.00
MATICRUB,MATIC,RUB,54.60000000
XVGUSDT,XVG,USDT,0.00155300
CELRBUSD,CELR,BUSD,0.01522000
ATMBUSD,ATM,BUSD,2.51100000
ZENBUSD,ZEN,BUSD,6.28000000
FTMBUSD,FTM,BUSD,0.26110000
THETABUSD,THETA,BUSD,0.64400000
WINBUSD,WIN,BUSD,0.00006320
KAVABUSD,KAVA,BUSD,0.80600000
ATABTC,ATA,BTC,0.00000348
ATABUSD,ATA,BUSD,0.09030000
ATAUSDT,ATA,USDT,0.09030000
GTCBTC,GTC,BTC,0.00003720
GTCBUSD,GTC,BUSD,0.96200000
GTCUSDT,GTC,USDT,0.96500000
TORNBUSD,TORN,BUSD,3.47000000
MATICTRY,MATIC,TRY,15.38600000
SOLGBP,SOL,GBP,11.97000000
BAKEBTC,BAKE,BTC,0.00000378
COTIBUSD,COTI,BUSD,0.04630000
SOLTRY,SOL,TRY,358.60000000
RUNEGBP,RUNE,GBP,0.66900000
SOLBRL,SOL,BRL,73.50000000
SCBUSD,SC,BUSD,0.00269000
CHRBUSD,CHR,BUSD,0.11890000
STMXBUSD,STMX,BUSD,0.00347100
FTTBUSD,FTT,BUSD,0.81360000
DOCKBUSD,DOCK,BUSD,0.01423000
ADABIDR,ADA,BIDR,4083.00
ERNBUSD,ERN,BUSD,1.52800000
ERNUSDT,ERN,USDT,1.52600000
KLAYBTC,KLAY,BTC,0.00000592
KLAYBNB,KLAY,BNB,0.00063800
KLAYBUSD,KLAY,BUSD,0.15330000
KLAYUSDT,KLAY,USDT,0.15330000
RUNEEUR,RUNE,EUR,0.79400000
DOTRUB,DOT,RUB,390.80000000
UTKBUSD,UTK,BUSD,0.06910000
IOTXBUSD,IOTX,BUSD,0.01769000
PHAUSDT,PHA,USDT,0.09630000
SOLRUB,SOL,RUB,1273.00000000
BUSDUAH,BUSD,UAH,38.09000000
BONDBTC,BOND,BTC,0.00010810
BONDBUSD,BOND,BUSD,2.80300000
BONDUSDT,BOND,USDT,2.80900000
MLNBTC,MLN,BTC,0.00060100
MLNBUSD,MLN,BUSD,15.53000000
MLNUSDT,MLN,USDT,15.55000000
GRTTRY,GRT,TRY,2.35300000
DEXEUSDT,DEXE,USDT,1.92500000
LTOBUSD,LTO,BUSD,0.06130000
ADXBUSD,ADX,BUSD,0.13140000
QUICKBTC,QUICK,BTC,0.00163800
QUICKBUSD,QUICK,BUSD,42.70000000
C98USDT,C98,USDT,0.13260000
C98BUSD,C98,BUSD,0.13270000
C98BTC,C98,BTC,0.00000510
CLVBTC,CLV,BTC,0.00000124
CLVBUSD,CLV,BUSD,0.03190000
CLVUSDT,CLV,USDT,0.03185000
QNTBTC,QNT,BTC,0.00378600
QNTBNB,QNT,BNB,0.40720000
QNTBUSD,QNT,BUSD,97.90000000
QNTUSDT,QNT,USDT,97.90000000
FLOWBTC,FLOW,BTC,0.00001879
FLOWBNB,FLOW,BNB,0.00202700
FLOWBUSD,FLOW,BUSD,0.48600000
FLOWUSDT,FLOW,USDT,0.48600000
XECBUSD,XEC,BUSD,0.00002029
TVKUSDT,TVK,USDT,0.02560000
MINABTC,MINA,BTC,0.00001615
MINABNB,MINA,BNB,0.00173100
MINABUSD,MINA,BUSD,0.41800000
MINAUSDT,MINA,USDT,0.41800000
RAYBNB,RAY,BNB,0.00070800
RAYBUSD,RAY,BUSD,0.17070000
RAYUSDT,RAY,USDT,0.17120000
FARMBTC,FARM,BTC,0.00084500
FARMBUSD,FARM,BUSD,21.87000000
FARMUSDT,FARM,USDT,21.88000000
ALPACABTC,ALPACA,BTC,0.00000551
ALPACABUSD,ALPACA,BUSD,0.14380000
ALPACAUSDT,ALPACA,USDT,0.14410000
TLMTRY,TLM,TRY,0.24550000
QUICKUSDT,QUICK,USDT,42.70000000
ORNBUSD,ORN,BUSD,0.68280000
MBOXBTC,MBOX,BTC,0.00001197
MBOXBNB,MBOX,BNB,0.00128900
MBOXBUSD,MBOX,BUSD,0.31000000
MBOXUSDT,MBOX,USDT,0.31000000
FORUSDT,FOR,USDT,0.01760000
REQUSDT,REQ,USDT,0.07200000
GHSTUSDT,GHST,USDT,0.88300000
WAXPUSDT,WAXP,USDT,0.04210000
WAXPBUSD,WAXP,BUSD,0.04230000
WAXPBNB,WAXP,BNB,0.00017820
WAXPBTC,WAXP,BTC,0.00000162
GNOUSDT,GNO,USDT,108.50000000
ARPATRY,ARPA,TRY,1.17870000
PROMBTC,PROM,BTC,0.00014620
MTLBUSD,MTL,BUSD,1.12900000
OGNBUSD,OGN,BUSD,0.07240000
XECUSDT,XEC,USDT,0.00002033
XRPBIDR,XRP,BIDR,7777.00
ELFUSDT,ELF,USDT,0.27110000
DYDXUSDT,DYDX,USDT,1.58900000
DYDXBUSD,DYDX,BUSD,1.58900000
DYDXBNB,DYDX,BNB,0.00662000
DYDXBTC,DYDX,BTC,0.00006139
ELFBUSD,ELF,BUSD,0.27110000
IDEXUSDT,IDEX,USDT,0.05801000
VIDTUSDT,VIDT,USDT,0.02127000
SOLBIDR,SOL,BIDR,222051.00
AXSBIDR,AXS,BIDR,72252.00
USDPUSDT,USDP,USDT,0.99990000
GALAUSDT,GALA,USDT,0.02186000
GALABUSD,GALA,BUSD,0.02186000
GALABNB,GALA,BNB,0.00009096
GALABTC,GALA,BTC,0.00000084
SUNBUSD,SUN,BUSD,0.00544000
ILVUSDT,ILV,USDT,44.59000000
ILVBUSD,ILV,BUSD,44.62000000
ILVBNB,ILV,BNB,0.18560000
ILVBTC,ILV,BTC,0.00172200
RENBUSD,REN,BUSD,0.05611700
YGGUSDT,YGG,USDT,0.13820000
YGGBUSD,YGG,BUSD,0.13830000
YGGBTC,YGG,BTC,0.00000533
STXBUSD,STX,BUSD,0.51350000
SYSUSDT,SYS,USDT,0.11910000
DFUSDT,DF,USDT,0.03630000
ARPARUB,ARPA,RUB,4.15100000
LTCUAH,LTC,UAH,2941.00000000
FETBUSD,FET,BUSD,0.18830000
ARPABUSD,ARPA,BUSD,0.04934000
LSKBUSD,LSK,BUSD,0.69200000
FIDAUSDT,FIDA,USDT,0.23020000
FIDABUSD,FIDA,BUSD,0.23030000
FIDABTC,FIDA,BTC,0.00000888
DENTBUSD,DENT,BUSD,0.00065800
FRONTUSDT,FRONT,USDT,0.13560000
CVPUSDT,CVP,USDT,0.31300000
AGLDBTC,AGLD,BTC,0.00001886
AGLDBUSD,AGLD,BUSD,0.48700000
AGLDUSDT,AGLD,USDT,0.48800000
RADBTC,RAD,BTC,0.00006430
RADBUSD,RAD,BUSD,1.65500000
RADUSDT,RAD,USDT,1.65600000
HIVEBUSD,HIVE,BUSD,0.29440000
STPTBUSD,STPT,BUSD,0.03517000
BETABTC,BETA,BTC,0.00000304
BETABNB,BETA,BNB,0.00032720
BETABUSD,BETA,BUSD,0.07865000
BETAUSDT,BETA,USDT,0.07872000
RAREBTC,RARE,BTC,0.00000249
RAREBUSD,RARE,BUSD,0.06440000
RAREUSDT,RARE,USDT,0.06420000
AVAXBRL,AVAX,BRL,57.60000000
TROYBUSD,TROY,BUSD,0.00194200
AXSETH,AXS,ETH,0.00280300
FTMETH,FTM,ETH,0.00015040
SOLETH,SOL,ETH,0.00860000
SSVBTC,SSV,BTC,0.00063440
SSVETH,SSV,ETH,0.00941100
LAZIOTRY,LAZIO,TRY,45.15300000
LAZIOEUR,LAZIO,EUR,1.76510000
LAZIOBTC,LAZIO,BTC,0.00007243
LAZIOUSDT,LAZIO,USDT,1.88940000
CHESSBTC,CHESS,BTC,0.00000490
CHESSBUSD,CHESS,BUSD,0.12680000
CHESSUSDT,CHESS,USDT,0.12650000
SCRTBUSD,SCRT,BUSD,0.29800000
ADXUSDT,ADX,USDT,0.13170000
AUCTIONUSDT,AUCTION,USDT,3.82000000
CELOBUSD,CELO,BUSD,0.41100000
REEFTRY,REEF,TRY,0.03700000
SHIBDOGE,SHIB,DOGE,0.00010980
DARUSDT,DAR,USDT,0.09658000
DARBUSD,DAR,BUSD,0.09649000
DARBNB,DAR,BNB,0.00040160
DARBTC,DAR,BTC,0.00000371
BNXBTC,BNX,BTC,0.00001040
BNXBNB,BNX,BNB,0.00110700
BNXBUSD,BNX,BUSD,0.26900000
BNXUSDT,BNX,USDT,0.26900000
LAZIOBUSD,LAZIO,BUSD,1.88750000
OXTBUSD,OXT,BUSD,0.05120000
MANATRY,MANA,TRY,8.16000000
ALGORUB,ALGO,RUB,9.59000000
MOVRBTC,MOVR,BTC,0.00019050
MOVRBUSD,MOVR,BUSD,4.94000000
MOVRUSDT,MOVR,USDT,4.93000000
CITYBTC,CITY,BTC,0.00013320
CITYBUSD,CITY,BUSD,3.48000000
CITYUSDT,CITY,USDT,3.48000000
ENSBTC,ENS,BTC,0.00029390
ENSBNB,ENS,BNB,0.03160000
ENSBUSD,ENS,BUSD,7.60000000
ENSUSDT,ENS,USDT,7.60000000
SANDETH,SAND,ETH,0.00022150
DOTETH,DOT,ETH,0.00265600
MATICETH,MATIC,ETH,0.00037030
ANKRBUSD,ANKR,BUSD,0.02007000
SANDTRY,SAND,TRY,9.23000000
MANABRL,MANA,BRL,1.65500000
KP3RUSDT,KP3R,USDT,52.54000000
QIUSDT,QI,USDT,0.00580000
QIBUSD,QI,BUSD,0.00580000
QIBTC,QI,BTC,0.00000022
PORTOBTC,PORTO,BTC,0.00006958
PORTOUSDT,PORTO,USDT,1.81600000
PORTOTRY,PORTO,TRY,43.32000000
PORTOEUR,PORTO,EUR,1.68280000
POWRUSDT,POWR,USDT,0.12760000
POWRBUSD,POWR,BUSD,0.12750000
AVAXETH,AVAX,ETH,0.00674000
SLPTRY,SLP,TRY,0.03727000
LRCTRY,LRC,TRY,5.14000000
CHRETH,CHR,ETH,0.00006850
VGXUSDT,VGX,USDT,0.10100000
GALAETH,GALA,ETH,0.00001257
JASMYUSDT,JASMY,USDT,0.00348400
JASMYBUSD,JASMY,BUSD,0.00348800
AMPBUSD,AMP,BUSD,0.00200800
AMPUSDT,AMP,USDT,0.00200900
PLABTC,PLA,BTC,0.00000529
PLABUSD,PLA,BUSD,0.13700000
PLAUSDT,PLA,USDT,0.13690000
PYRBTC,PYR,BTC,0.00011240
PYRBUSD,PYR,BUSD,2.90300000
PYRUSDT,PYR,USDT,2.90900000
RNDRBTC,RNDR,BTC,0.00007480
RNDRUSDT,RNDR,USDT,1.93600000
RNDRBUSD,RNDR,BUSD,1.93700000
ALCXBTC,ALCX,BTC,0.00053000
ALCXBUSD,ALCX,BUSD,13.77000000
ALCXUSDT,ALCX,USDT,13.78000000
SANTOSBTC,SANTOS,BTC,0.00012577
SANTOSUSDT,SANTOS,USDT,3.25400000
SANTOSTRY,SANTOS,TRY,77.79000000
MCBTC,MC,BTC,0.00000655
MCBUSD,MC,BUSD,0.16960000
MCUSDT,MC,USDT,0.16990000
BELTRY,BEL,TRY,13.56000000
DENTTRY,DENT,TRY,0.01578000
ENJTRY,ENJ,TRY,6.10000000
NEORUB,NEO,RUB,665.00000000
BICOBTC,BICO,BTC,0.00000832
BICOBUSD,BICO,BUSD,0.21560000
BICOUSDT,BICO,USDT,0.21640000
FLUXBTC,FLUX,BTC,0.00001625
FLUXBUSD,FLUX,BUSD,0.42100000
FLUXUSDT,FLUX,USDT,0.42100000
ALICETRY,ALICE,TRY,21.67000000
FXSUSDT,FXS,USDT,4.99800000
GALABRL,GALA,BRL,0.10680000
GALATRY,GALA,TRY,0.52270000
LUNATRY,LUNA,TRY,14.54000000
REQBUSD,REQ,BUSD,0.07200000
SANDBRL,SAND,BRL,1.86800000
VOXELBTC,VOXEL,BTC,0.00000513
VOXELBUSD,VOXEL,BUSD,0.13360000
VOXELUSDT,VOXEL,USDT,0.13350000
COSBUSD,COS,BUSD,0.00504000
CTXCBUSD,CTXC,BUSD,0.15080000
FTMTRY,FTM,TRY,6.24800000
MINATRY,MINA,TRY,9.97000000
XTZTRY,XTZ,TRY,17.25000000
HIGHBTC,HIGH,BTC,0.00004924
HIGHBUSD,HIGH,BUSD,1.27200000
HIGHUSDT,HIGH,USDT,1.27200000
CVXBTC,CVX,BTC,0.00013320
CVXBUSD,CVX,BUSD,3.44300000
CVXUSDT,CVX,USDT,3.44500000
PEOPLEBTC,PEOPLE,BTC,0.00000044
PEOPLEBUSD,PEOPLE,BUSD,0.01159000
PEOPLEUSDT,PEOPLE,USDT,0.01158000
OOKIBUSD,OOKI,BUSD,0.00226000
OOKIUSDT,OOKI,USDT,0.00227000
LINKBNB,LINK,BNB,0.02195000
MDTBUSD,MDT,BUSD,0.03823000
NULSBUSD,NULS,BUSD,0.19500000
SPELLUSDT,SPELL,USDT,0.00043820
SPELLBUSD,SPELL,BUSD,0.00043660
JOEBTC,JOE,BTC,0.00001246
JOEBUSD,JOE,BUSD,0.32350000
JOEUSDT,JOE,USDT,0.32370000
ATOMETH,ATOM,ETH,0.00497500
DUSKBUSD,DUSK,BUSD,0.10560000
EGLDETH,EGLD,ETH,0.01752000
ICPETH,ICP,ETH,0.00225400
NEARETH,NEAR,ETH,0.00069000
ATOMTRY,ATOM,TRY,206.70000000
LRCBNB,LRC,BNB,0.00089500
ONEETH,ONE,ETH,0.00000618
ACHBTC,ACH,BTC,0.00000077
ACHBUSD,ACH,BUSD,0.01994000
ACHUSDT,ACH,USDT,0.01991000
IMXBTC,IMX,BTC,0.00002398
IMXBUSD,IMX,BUSD,0.62000000
IMXUSDT,IMX,USDT,0.61900000
GLMRBTC,GLMR,BTC,0.00000852
GLMRBUSD,GLMR,BUSD,0.22090000
GLMRUSDT,GLMR,USDT,0.22100000
ICPTRY,ICP,TRY,93.80000000
ROSEETH,ROSE,ETH,0.00002576
UMABUSD,UMA,BUSD,1.53000000
UNIETH,UNI,ETH,0.00246400
XTZETH,XTZ,ETH,0.00041600
LOKABTC,LOKA,BTC,0.00000890
LOKABNB,LOKA,BNB,0.00095750
LOKABUSD,LOKA,BUSD,0.23080000
LOKAUSDT,LOKA,USDT,0.22980000
CRVETH,CRV,ETH,0.00037200
HIGHBNB,HIGH,BNB,0.00520500
NEARRUB,NEAR,RUB,101.40000000
ROSETRY,ROSE,TRY,1.07100000
SCRTUSDT,SCRT,USDT,0.29800000
API3BTC,API3,BTC,0.00003649
API3BUSD,API3,BUSD,0.94200000
API3USDT,API3,USDT,0.94600000
BTTCUSDT,BTTC,USDT,0.00000053
BTTCTRY,BTTC,TRY,0.00001277
ACABTC,ACA,BTC,0.00000125
ACABUSD,ACA,BUSD,0.03250000
ACAUSDT,ACA,USDT,0.03250000
BDOTDOT,BDOT,DOT,0.88690000
XNOBTC,XNO,BTC,0.00002584
XNOBUSD,XNO,BUSD,0.67100000
XNOUSDT,XNO,USDT,0.66600000
COSTRY,COS,TRY,0.12030000
KAVAETH,KAVA,ETH,0.00046280
MCBNB,MC,BNB,0.00070200
ONETRY,ONE,TRY,0.25700000
WOOBTC,WOO,BTC,0.00000642
WOOBNB,WOO,BNB,0.00069100
WOOBUSD,WOO,BUSD,0.16580000
WOOUSDT,WOO,USDT,0.16590000
PEOPLEBNB,PEOPLE,BNB,0.00004802
SPELLTRY,SPELL,TRY,0.01047000
TFUELBUSD,TFUEL,BUSD,0.03220000
AXSTRY,AXS,TRY,117.00000000
DARTRY,DAR,TRY,2.30800000
NEARTRY,NEAR,TRY,28.71000000
IDEXBNB,IDEX,BNB,0.00024170
ALPINEEUR,ALPINE,EUR,1.77680000
ALPINETRY,ALPINE,TRY,45.52000000
ALPINEUSDT,ALPINE,USDT,1.90350000
ALPINEBTC,ALPINE,BTC,0.00007355
TUSDT,TUSD,T,0.01809000
TBUSD,T,BUSD,0.01809000
BETAETH,BETA,ETH,0.00004520
INJTRY,INJ,TRY,144.15000000
ASTRBUSD,ASTR,BUSD,0.03760000
ASTRUSDT,ASTR,USDT,0.03770000
API3TRY,API3,TRY,22.63000000
MBOXTRY,MBOX,TRY,7.41000000
NBTBIDR,NBT,BIDR,41.20
NBTUSDT,NBT,USDT,0.00276000
GMTBTC,GMT,BTC,0.00000741
GMTBNB,GMT,BNB,0.00079900
GMTBUSD,GMT,BUSD,0.19190000
GMTUSDT,GMT,USDT,0.19180000
ATOMEUR,ATOM,EUR,8.06400000
GALAEUR,GALA,EUR,0.02027000
UMATRY,UMA,TRY,36.60000000
KDABTC,KDA,BTC,0.00002143
KDABUSD,KDA,BUSD,0.55600000
KDAUSDT,KDA,USDT,0.55500000
APEUSDT,APE,USDT,2.22700000
APEBUSD,APE,BUSD,2.22700000
APEBTC,APE,BTC,0.00008593
ALPINEBUSD,ALPINE,BUSD,1.90360000
NEAREUR,NEAR,EUR,1.11800000
TWTTRY,TWT,TRY,17.69000000
WAVESEUR,WAVES,EUR,1.29300000
APEEUR,APE,EUR,2.07200000
APETRY,APE,TRY,53.30000000
BSWUSDT,BSW,USDT,0.08660000
BSWBUSD,BSW,BUSD,0.08620000
BSWBNB,BSW,BNB,0.00035970
APEBNB,APE,BNB,0.00924000
GMTETH,GMT,ETH,0.00011020
JASMYTRY,JASMY,TRY,0.08334000
SANTOSBUSD,SANTOS,BUSD,3.25800000
BIFIUSDT,BIFI,USDT,356.30000000
GMTEUR,GMT,EUR,0.17930000
IMXBNB,IMX,BNB,0.00258400
RUNEETH,RUNE,ETH,0.00048800
MULTIBTC,MULTI,BTC,0.00013120
MULTIBUSD,MULTI,BUSD,3.39000000
MULTIUSDT,MULTI,USDT,3.39000000
APEETH,APE,ETH,0.00127900
FILTRY,FIL,TRY,88.32000000
FTMEUR,FTM,EUR,0.24350000
ZILTRY,ZIL,TRY,0.41600000
GMTTRY,GMT,TRY,4.59000000
WAVESTRY,WAVES,TRY,33.20000000
ASTRBTC,ASTR,BTC,0.00000145
BSWTRY,BSW,TRY,2.06700000
FUNBNB,FUN,BNB,0.00001579
PORTOBUSD,PORTO,BUSD,1.81390000
STEEMUSDT,STEEM,USDT,0.15660000
AUDIOTRY,AUDIO,TRY,4.11600000
BTTCBUSD,BTTC,BUSD,0.00000054
MBLBUSD,MBL,BUSD,0.00240900
MOBUSDT,MOB,USDT,0.56100000
MOBBUSD,MOB,BUSD,0.56100000
MOBBTC,MOB,BTC,0.00002166
NEXOUSDT,NEXO,USDT,0.62400000
NEXOBUSD,NEXO,BUSD,0.62300000
NEXOBTC,NEXO,BTC,0.00002408
REIUSDT,REI,USDT,0.02075000
GALUSDT,GAL,USDT,1.18900000
GALBUSD,GAL,BUSD,1.18900000
GALBNB,GAL,BNB,0.00490500
GALBTC,GAL,BTC,0.00004601
KNCBNB,KNC,BNB,0.00201100
GALEUR,GAL,EUR,1.08900000
GALTRY,GAL,TRY,28.40000000
LDOBUSD,LDO,BUSD,1.76700000
LDOUSDT,LDO,USDT,1.76700000
LDOBTC,LDO,BTC,0.00006833
ENSTRY,ENS,TRY,181.60000000
DAREUR,DAR,EUR,0.08983000
ALGOETH,ALGO,ETH,0.00006500
ALGOTRY,ALGO,TRY,2.70900000
EPXUSDT,EPX,USDT,0.00018750
EPXBUSD,EPX,BUSD,0.00018780
STEEMBUSD,STEEM,BUSD,0.15660000
CVCBUSD,CVC,BUSD,0.07130000
REIBUSD,REI,BUSD,0.02070000
DREPBUSD,DREP,BUSD,0.31090000
AKROBUSD,AKRO,BUSD,0.00495000
PUNDIXBUSD,PUNDIX,BUSD,0.32700000
LUNCBUSD,LUNC,BUSD,0.00009404
USTCBUSD,USTC,BUSD,0.01147848
OPBTC,OP,BTC,0.00004431
OPBUSD,OP,BUSD,1.14600000
OPUSDT,OP,USDT,1.14600000
OGBUSD,OG,BUSD,4.62400000
KEYBUSD,KEY,BUSD,0.00605600
ASRBUSD,ASR,BUSD,2.50000000
FIROBUSD,FIRO,BUSD,1.33800000
NKNBUSD,NKN,BUSD,0.09670000
OPBNB,OP,BNB,0.00477000
OPEUR,OP,EUR,1.06700000
SNXETH,SNX,ETH,0.00103900
WBTCBUSD,WBTC,BUSD,25864.69000000
LITETH,LIT,ETH,0.00035720
LEVERUSDT,LEVER,USDT,0.00115700
LEVERBUSD,LEVER,BUSD,0.00115800
PEOPLEETH,PEOPLE,ETH,0.00000658
STORJTRY,STORJ,TRY,5.52000000
OPETH,OP,ETH,0.00065700
ETCTRY,ETC,TRY,363.50000000
FILETH,FIL,ETH,0.00212600
GLMBUSD,GLM,BUSD,0.16960000
SSVBUSD,SSV,BUSD,16.41000000
STGBTC,STG,BTC,0.00002100
STGBUSD,STG,BUSD,0.54430000
STGUSDT,STG,USDT,0.54290000
ANKRTRY,ANKR,TRY,0.48000000
ARKBUSD,ARK,BUSD,0.22160000
BETHBUSD,BETH,BUSD,1739.00000000
LOOMBUSD,LOOM,BUSD,0.03963000
SNMBUSD,SNM,BUSD,0.28870000
AMBBUSD,AMB,BUSD,0.00815000
LUNCUSDT,LUNC,USDT,0.00009392
PHBBUSD,PHB,BUSD,0.60530000
GASBUSD,GAS,BUSD,2.26700000
PROSBUSD,PROS,BUSD,0.29710000
VIBBUSD,VIB,BUSD,0.04507000
GMXBTC,GMX,BTC,0.00175600
GMXBUSD,GMX,BUSD,45.41000000
GMXUSDT,GMX,USDT,45.41000000
AGIXBUSD,AGIX,BUSD,0.20474000
SNTBUSD,SNT,BUSD,0.02042000
POLYXBTC,POLYX,BTC,0.00000398
POLYXBUSD,POLYX,BUSD,0.10350000
POLYXUSDT,POLYX,USDT,0.10350000
APTBTC,APT,BTC,0.00024169
APTUSDT,APT,USDT,6.25180000
APTBUSD,APT,BUSD,6.25300000
BTCPLN,BTC,PLN,108060.00000000
ETHPLN,ETH,PLN,7260.00000000
BUSDPLN,BUSD,PLN,4.17000000
APTEUR,APT,EUR,5.82940000
APTTRY,APT,TRY,149.60000000
QKCBUSD,QKC,BUSD,0.00725000
OSMOBTC,OSMO,BTC,0.00001797
OSMOUSDT,OSMO,USDT,0.46600000
OSMOBUSD,OSMO,BUSD,0.46600000
HFTBTC,HFT,BTC,0.00001408
HFTBUSD,HFT,BUSD,0.36470000
HFTUSDT,HFT,USDT,0.36400000
ARPAETH,ARPA,ETH,0.00002836
PHBUSDT,PHB,USDT,0.60440000
HOOKBTC,HOOK,BTC,0.00003766
HOOKUSDT,HOOK,USDT,0.97420000
HOOKBUSD,HOOK,BUSD,0.97420000
HOOKBNB,HOOK,BNB,0.00404140
MAGICBTC,MAGIC,BTC,0.00002672
MAGICBUSD,MAGIC,BUSD,0.69140000
MAGICUSDT,MAGIC,USDT,0.69120000
BUSDRON,BUSD,RON,4.67600000
HIFIETH,HIFI,ETH,0.00015210
HIFIUSDT,HIFI,USDT,0.26490000
RPLBTC,RPL,BTC,0.00159100
RPLBUSD,RPL,BUSD,41.20000000
RPLUSDT,RPL,USDT,41.23000000
PROSUSDT,PROS,USDT,0.29670000
FETTRY,FET,TRY,4.49800000
GFTBUSD,GFT,BUSD,0.01308000
AGIXUSDT,AGIX,USDT,0.20463000
APTETH,APT,ETH,0.00359700
BTCRON,BTC,RON,121214.00000000
GNSUSDT,GNS,USDT,3.83800000
GNSBTC,GNS,BTC,0.00014800
SYNBTC,SYN,BTC,0.00002163
SYNUSDT,SYN,USDT,0.56050000
VIBUSDT,VIB,USDT,0.04505000
SSVUSDT,SSV,USDT,16.41000000
LQTYUSDT,LQTY,USDT,0.87600000
LQTYBTC,LQTY,BTC,0.00003386
AMBUSDT,AMB,USDT,0.00814000
BETHUSDT,BETH,USDT,1737.68000000
CFXTRY,CFX,TRY,4.41800000
STXTRY,STX,TRY,12.28000000
USTCUSDT,USTC,USDT,0.01147751
GASUSDT,GAS,USDT,2.26200000
GLMUSDT,GLM,USDT,0.16930000
PROMUSDT,PROM,USDT,3.79000000
QKCUSDT,QKC,USDT,0.00725300
UFTUSDT,UFT,USDT,0.23660000
IDBTC,ID,BTC,0.00001108
IDBNB,ID,BNB,0.00119510
IDUSDT,ID,USDT,0.28636000
ARBBTC,ARB,BTC,0.00003826
ARBUSDT,ARB,USDT,0.98940000
AGIXTRY,AGIX,TRY,4.89900000
LOOMUSDT,LOOM,USDT,0.03963000
OAXUSDT,OAX,USDT,0.15830000
ARBTUSD,ARB,TUSD,0.98860000
ARBTRY,ARB,TRY,23.67000000
ARBEUR,ARB,EUR,0.92190000
IDTUSD,ID,TUSD,0.28650000
IDTRY,ID,TRY,6.85400000
IDEUR,ID,EUR,0.26727000
LDOTUSD,LDO,TUSD,1.76800000
MATICTUSD,MATIC,TUSD,0.64280000
OPTUSD,OP,TUSD,1.14500000
SOLTUSD,SOL,TUSD,14.96000000
SSVTUSD,SSV,TUSD,16.45000000
RDNTBTC,RDNT,BTC,0.00000993
RDNTUSDT,RDNT,USDT,0.25710000
RDNTTUSD,RDNT,TUSD,0.25710000
ARBRUB,ARB,RUB,84.00000000
JOETRY,JOE,TRY,7.75000000
MAGICTRY,MAGIC,TRY,16.50000000
USDTPLN,USDT,PLN,4.17100000
ACHTRY,ACH,TRY,0.47640000
XVSTRY,XVS,TRY,83.50000000
EGLDRON,EGLD,RON,142.40000000
USDTRON,USDT,RON,4.67900000
USDTARS,USDT,ARS,489.10000000
DOGETUSD,DOGE,TUSD,0.06153000
WBTCUSDT,WBTC,USDT,25916.82000000
EDUUSDT,EDU,USDT,0.78881000
EDUTUSD,EDU,TUSD,0.78689000
EDUBNB,EDU,BNB,0.00329010
EDUBTC,EDU,BTC,0.00003051
EDUEUR,EDU,EUR,0.73254000
EDUTRY,EDU,TRY,18.90000000
SUIUSDT,SUI,USDT,0.69090000
SUITUSD,SUI,TUSD,0.68920000
SUIBTC,SUI,BTC,0.00002671
SUIBNB,SUI,BNB,0.00287400
SUIEUR,SUI,EUR,0.64700000
SUITRY,SUI,TRY,16.51000000
AERGOUSDT,AERGO,USDT,0.09430000
RNDRTRY,RNDR,TRY,46.58000000
PEPEUSDT,PEPE,USDT,0.00000092
PEPETUSD,PEPE,TUSD,0.00000090
FLOKIUSDT,FLOKI,USDT,0.00002201
FLOKITUSD,FLOKI,TUSD,0.00002201
OGTRY,OG,TRY,110.60000000
PEPETRY,PEPE,TRY,0.00002196
WBETHETH,WBETH,ETH,1.00100000
ASTUSDT,AST,USDT,0.10250000
SNTUSDT,SNT,USDT,0.02042000
FLOKITRY,FLOKI,TRY,0.00052720
CITYTRY,CITY,TRY,83.20000000
COMBOUSDT,COMBO,USDT,0.97500000
COMBOBNB,COMBO,BNB,0.00405400
COMBOTRY,COMBO,TRY,23.27000000
LTCTRY,LTC,TRY,1850.00000000
RADTRY,RAD,TRY,39.62000000
